Crime Books and Storage,,,,,,,
,,,,,,,
,Author (Surname),Author (First Name),Title,Detective,Series,Year,Box
,Aird,Catherine,The Body Politic,,,,S
,Akunin,Boris,The Winter Queen,Erast Fandorin,1,,E
,Akunin,Boris,The Turkish Gambit,Erast Fandorin,2,,C
,Akunin,Boris,Murder on the Leviathan,Erast Fandorin,3,,E
,Akunin,Boris,Death of Achilles,Erast Fandorin,4,,C
,Akunin,Boris,Special Assignments,Erast Fandorin,5,,C
,Akunin,Boris,The State Counsellor,Erast Fandorin,6,,T
,Akunin,Boris,The Coronation,Erast Fandorin,7,,K
,Akunin,Boris,She Lover of Death,Erast Fandorin,8,,P
,Akunin,Boris,He Lover of Death,Erast Fandorin,9,,
,Akunin,Boris,The Diamond Chariot,Erast Fandorin,10,2011,
,Akunin,Boris,Pelagia and the White Bulldog,Sister Pelagia,1,,C
,Akunin,Boris,Pelagia and the Black Monk,Sister Pelagia,2,,C
,Akunin,Boris,Pelagia and the Red Rooster,Sister Pelagia,3,,B
,Alexander,Bruce,Murder in Grub Street,,,,H
,Allingham,Margery,My Friend Mr Campion and other mysteries,,,,Q
,Allingham,Margery,The Crime at Black Dudley,,,,F
,Anderson,James,The Affair of the Blood Stained Tea Cosy,,,,B
,Anderson,James,The Affair of the Mutilated Mink,,,,B
,Anderson,James,The Affair of the Thirty-Nine Cufflinks,,,,B
,Anon,,The Mammoth Book of Historical Whodunnits,,,,K
,Ash,Maureen,A Plague of Poison,Bascot de Marins,,,K
,Ash,Maureen,Death of A Squire,Bascot de Marins,,,K
,Ash,Maureen,Murder for Christ's Mass,Bascot de Marins,,,K
,Ash,Maureen,Shroud of Dishonour,Bascot de Marins,,,
,Ash,Maureen,The Alehouse Murders,Bascot de Marins,,,K
,Ashley (ed),Mike,More Shakespearean Whodunnits,,,,J
,Ashley (ed),Mike,Shakespearean Whodunnits,,,,J
,Barrnard,Robert,The Killings on Jubilee Terrace,,,,Q
,Barron,Stephanie,Jane and the Unpleasantness at Scargove Manor,Jane Austin,1,1996,N
,Barron,Stephanie,Jane and the Man of Cloth,Jane Austin,2,1997,N
,Barron,Stephanie,Jane and the Wandering Eye,Jane Austin,3,1998,N
,Barron,Stephanie,Jane and the Genius of Place,Jane Austin,4,1999,N
,Barron,Stephanie,Jane and the Stillroom Maid,Jane Austin,5,2000,N
,Barron,Stephanie,Jane and the Prisoner of Wool House,Jane Austin,6,2001,N
,Barron,Stephanie,Jane and the Ghosts of Netley,Jane Austin,7,2003,N
,Barron,Stephanie,Jane and His Lordship's Legacy,Jane Austin,8,2005,P
,Barron,Stephanie,Jane and the Barque of Frailty,Jane Austin,9,,P
,Bastable,Bernard,"Too Many Notes, Mr Mozart",,,,H
,Bates,Quentin,Frozen Out,Gunnhildur,1,,
,Bates,Quentin,Cold Comfort,Gunnhildur,2,,
,Bates,Quentin,Chiled To The Bone,Gunnhildur,3,,
,Beckett,Simon,The Chemistry of Death,,,,J
,Beckett,Simon,Written in Bone,,,,U
,Blair,J.M.C.,The Excalibur Murders,Merlin,,,Q
,Blair,J.M.C.,the Lancelot Murders,Merlin,,,Q
,Blair,J.M.C.,The Pendragon Muders,Merlin,,,Q
,Bolitho,Janie,Snapped in Cornwall,Rose Trevelyan,,1997,
,Bolitho,Janie,Framed in Cornwall,Rose Trevelyan,,1998,
,Bolitho,Janie,Buried in Cornwall,Rose Trevelyan,,,
,Bolitho,Janie,Caught out in Cornwall,Rose Trevelyan,,,
,Bolitho,Janie,Killed in Cornwall,Rose Trevelyan,,,
,Bolitho,Janie,Betrayed in Cornwall,Rose Trevelyan,,,
,Bolitho,Janie,Plotted in Cornwall,Rose Trevelyan,,,
,Booth,Stephen,The Devil's edge,Ben Cooper,,2011,
,Booth,Stephen,Already Dead,Ben Cooper,,2013,
,Booth,Stephen,The Corpse Bridge,Ben Cooper,,,
,Booth,Stephen,Dead and Buried,Cooper & Fry,,,
,Brett,Simon,Dead Giveaway,Charles Paris,,,L
,Brett,Simon,Murder in the Title,Charles Paris,,,L
,Brett,Simon,Situation Tragedy,Charles Paris,,,L
,Brett,Simon,What Bloody Man is That?,Charles Paris,,,L
,Brett,Simon,Murder in the Museum,,,,M
,Brody,Frances,Dying in the Wool,Kate Shackleton,1,,
,Brody,Frances,A Medal for Murder,Kate Shackleton,2,,
,Brody,Frances,Murder in the Afternoon,Kate Shackleton,3,,
,Brody,Frances,A Woman Unknown,Kate Shackleton,4,,
,Brody,Frances,Murder on a Summer's Day,Kate Shackleton,5,2013,
,Brody,Frances,Death of an Avid Reader,Kate Shackleton,6,2014,
,Brown,Dan,Angels and Demons,,,,D
,Brown,Dan,Deception Point,,,,T
,Brown,Dan,Digital Fortress,,,,D
,Brown,Dan,The DaVinci Code,,,,D
,Bruce,Alison,The Calling,DC Goodhew,,2010,
,Bruce,Alison,The Siren,DC Goodhew,,2011,
,Bruce,Alison,Cambridge Blue,DC Goodhew,,,
,Buckley,Fiona,The Doublet Affair,,,,N
,Buckley,Fiona,To Shield a Queen,,,,N
,Bude,John,The Cornish Coast Murder,,1,1935,
,Bude,John,The Lake District Murders,,2,1935,
,Bude,John,The Sussex Down Murders,,,2015,
,Burley,W.J.,Wycliffe and Death in a Salubrious Place,Wycliffe,,,C
,Burley,W.J.,Wycliffe and te Quiet Virgin,Wycliffe,,,R
,Burley,W.J.,Wycliffe and the Beales,Wycliffe,,,S
,Burley,W.J.,Wycliffe and the Cycle of Death,Wycliffe,,,R
,Burley,W.J.,Wycliffe and the Dead Flautist,Wycliffe,,,S
,Burley,W.J.,Wycliffe and the Death in Stanley Street,Wycliffe,,,C
,Burley,W.J.,Wycliffe and the Dunes Mystery,Wycliffe,,,T
,Burley,W.J.,Wycliffe and the Four Jacks,Wycliffe,,,S
,Burley,W.J.,Wycliffe and the Guild of Nine,Wycliffe,,,R
,Burley,W.J.,Wycliffe and the Guilt Edged Alibii,Wycliffe,,,C
,Burley,W.J.,Wycliffe and the House of Fear,Wycliffe,,,T
,Burley,W.J.,Wycliffe and the Last Rites,Wycliffe,,,C
,Burley,W.J.,Wycliffe and the Pea Green Boat,Wycliffe,,,T
,Burley,W.J.,Wycliffe and the Redhead,Wycliffe,,,T
,Burley,W.J.,Wycliffe and the Scapegoat,Wycliffe,,,T
,Burley,W.J.,Wycliffe and the School Bullies,Wycliffe,,,T
,Burley,W.J.,Wycliffe and the Tangled Web,Wycliffe,,,S
,Burley,W.J.,Wycliffe and the Three-Toed Pussy,Wycliffe,,,T
,Burley,W.J.,Wycliffe and the Widsor Blue,Wycliffe,,,S
,Burley,W.J.,Wycliffe and the Wild Goose Chase,Wycliffe,,,S
,Burley,W.J.,Wycliffe In Paul's Court,Wycliffe,,,S
,Burley,W.J.,Wyliffe and How to Kill a Cat,Wycliffe,,,R
,Camilleri,Andrea,The Shape of Water,Montalbano,1,,R
,Camilleri,Andrea,The Terracotta Dog,Montalbano,2,,C
,Camilleri,Andrea,The Snack Thief,Montalbano,3,,R
,Camilleri,Andrea,The Voice of the Violin,Montalbano,4,,C
,Camilleri,Andrea,Excursion to Tindari,Montalbano,5,,C
,Camilleri,Andrea,The Scent of the Night,Montalbano,6,,C
,Camilleri,Andrea,Rounding the Mark,Montalbano,7,,C
,Camilleri,Andrea,The Patience of the Spider,Montalbano,8,,U
,Camilleri,Andrea,The Paper Moon,Montalbano,9,,U
,Camilleri,Andrea,August Heat,Montalbano,10,,K
,Camilleri,Andrea,The Wings of the Sphinx,Montalbano,11,,P
,Camilleri,Andrea,The Track of Sand,Montalbano,12,,
,Camilleri,Andrea,The Potter's Field,Montalbano,13,,
,Camilleri,Andrea,The Age of Doubt,Montalbano,14,,
,Camilleri,Andrea,The Treasure Hunt,Montalbano,15,,
,Cardetti,Raphael,Death in the Latin Quarter,,,,
,Carr,Caleb,The Italian Secretary,,,,R
,Carr,John Dickinson,It Walks by Night,,,,C
,Carr,John Dickinson,The Hollow Man (2x),,,,E
,Carrisi,Donato,The Lost Girls of Rome,,,,
,Carver,Tania,The Surrogate,Phil Brennan,1,2009,
,Carver,Tania,The Creeper,Phil Brennan,2,2010,
,Carver,Tania,Cage of Bones,Phil Brennan,3,2011,
,Carver,Tania,Choked,Phil Brennan,4,,
,Carver,Tania,The Doll's House,Phil Brennan,5,,
,Carver,Tania,Truth or Dare,Phil Brennan,6,2014,
,Caudwell,Sarah,Thus Was Adonis Murdered,Hilary Tamar,1,1981,
,Caudwell,Sarah,The Shortest Way to Hades,Hilary Tamar,2,1984,
,Caudwell,Sarah,The Sirens Sang of Murder,Hilary Tamar,3,1989,
,Chandler,Glenn,Dead Sight,,,,S
,Childs,Laura,Eggs in Purgatory,Crackleberry Club,1,,T
,Childs,Laura,Eggs Benedict Arnold,Crackleberry Club,2,,P
,Childs,Laura,Bedeviled Eggs,Crackleberry Club,3,,P
,Childs,Laura,Stake & Eggs,Crackleberry Club,4,,
,Childs,Laura,Agony of the Leaves,Theodosia Browning,13,,
,Childs,Laura,Blood Orange Brewing,Theodosia Browning,,,R
,Childs,Laura,Chamomile Mourning,Theodosia Browning,,,S
,Childs,Laura,Death By Darjeeling,Theodosia Browning,,,C
,Childs,Laura,Dragonwell Dead,Theodosia Browning,,,T
,Childs,Laura,Gubpowder Green,Theodosia Browning,,,C
,Childs,Laura,Oolong Dead,Theodosia Browning,,,P
,Childs,Laura,Scones and Bones,Theodosia Browning,,,
,Childs,Laura,Shades of Earl Grey,Theodosia Browning,,,C
,Childs,Laura,Sweet Tea Revenge,Theodosia Browning,,,C
,Childs,Laura,The English Breakfast Murder,Theodosia Browning,,,C
,Childs,Laura,The Jasmine Moon Murder,Theodosia Browning,,,S
,Childs,Laura,The Silver Needle Murder,Theodosia Browning,,,T
,Childs,Laura,The Teaberry Strangler,Theodosia Browning,,,P
,Chisholm,P F,A Famine of Horses,Sir Robert Carey,1,,*
,Chisholm,P F,A Season of Knives,Sir Robert Carey,2,,*
,Chisholm,P F,A Surfeit of Guns,Sir Robert Carey,3,,*
,Chisholm,P F,A Plague of Angels,Sir Robert Carey,4,,*
,Chisholm,P F,A Murder of Crows,Sir Robert Carey,5,,
,Chisholm,P F,An Air of Treason,Sir Robert Carey,6,,*
,Christie,Agatha,Death Comes as The End,,,,I
,Christie,Agatha,Endless Night,,,,S
,Christie,Agatha,Nemesis,,,,S
,Christie,Agatha,The ABC Murders*1,,,,K
,Christie,Agatha,The Body in the Library*1,,,,K
,Clark,Cassandra,The Law of Angels,Abbess of Meaux,1,,
,Clark,Cassandra,A Parliament of Spies,Abbess of Meaux,2,,
,Clements,Rory,Martyr,John Shakespeare,,,M
,Clements,Rory,Prince,John Shakespeare,,,
,Clements,Rory,Revenger,John Shakespeare,,,P
,Clements,Rory,The Heretics,John Shakespeare,,,
,Clements,Rory,Traitor,John Shakespeare,,,
,Clements,Rory,Traitor,John Shakespeare,,,
,Clynes,Michael,The Relic Murders,,,,G
,Conan Dolye,Sir Arthur,A Study in Scarlet,Sherlock Holmes,,,J
,Conan Dolye,Sir Arthur,His Last Bow,Sherlock Holmes,,,J
,Conan Dolye,Sir Arthur,The Adventures of Sherlock Holmes,Sherlock Holmes,,,J
,Conan Dolye,Sir Arthur,The Case Book of Sherlock Holmes,Sherlock Holmes,,,J
,Conan Dolye,Sir Arthur,The Further Adventures of Sherlock Holmes,Sherlock Holmes,,,J
,Conan Dolye,Sir Arthur,The Hound of the Baskervilles,Sherlock Holmes,,,J
,Conan Dolye,Sir Arthur,The Memoirs of Sherlock Holmes,Sherlock Holmes,,,J
,Conan Dolye,Sir Arthur,The Return of Sherlock Holmes,Sherlock Holmes,,,J
,Conan Dolye,Sir Arthur,The Sign of Four,Sherlock Holmes,,,J
,Conan Dolye,Sir Arthur,The Valley of Fear,Sherlock Holmes,,,J
,Connolly,John,Every Dead Thing,,,,E
,Conrad,Hy,Almost Perfect Murders,,,,I
,Cookman,Leslie,Murder in Steeple Martin,,,,R
,Cooper,Glen,Library of the Daed,,,,T
,Cooper,Glenn,Book of Souls,,,,M
,Cooper,Glenn,The Tenth Chamber,,,,P
,Cornwell,Patricia,The Bone Bed,Scarpetta,19,,
,Cornwell,Patricia,Red Mist,Scarpetta,,2011,
,Cornwell,Patricia,At Risk,Scarpetta,,,R
,Cornwell,Patricia,Black Notice,Scarpetta,,,C
,Cornwell,Patricia,Blowfly,Scarpetta,,,S
,Cornwell,Patricia,Book of the Dead,Scarpetta,,,C
,Cornwell,Patricia,Cruel and Unusual,Scarpetta,,,O
,Cornwell,Patricia,Dust,Scarpetta,,,
,Cornwell,Patricia,From Potter's Field,Scarpetta,,,G
,Cornwell,Patricia,Point of Origin,Scarpetta,,,G
,Cornwell,Patricia,Port Mortuary,Scarpetta,,,Q
,Cornwell,Patricia,Predator,Scarpetta,,,C
,Cornwell,Patricia,Scarpetta,Scarpetta,,,u
,Cornwell,Patricia,The Body Farm,Scarpetta,,,O
,Cornwell,Patricia,The Front,Scarpetta,,,T
,Cornwell,Patricia,The Last Precinct,Scarpetta,,,M
,Cornwell,Patricia,The Scarpetta Factor,Scarpetta,,,I
,Cornwell,Patricia,The Scarpetta Factor,Scarpetta,,,P
,Cornwell,Patricia,Trace,Scarpetta,,,S
,Cornwell,Patricia,Unnatural Exposure,Scarpetta,,,G
,Crispin,Edmund,Loves Lies Bleeding,,,,K
,Crombie,Deborah,A Share in Death*1,Kincaid & James,,,Q
,Crombie,Deborah,In A Dark House*2,Kincaid & James,,,Q
,Crombie,Deborah,Leave the Grave Green*2,Kincaid & James,,,Q
,Crombie,Deborah,Now You May Weep*1,Kincaid & James,,,Q
,Dahl,Arne,The Blinded Man,Paul Hjelm,1,2011,
,Dahl,Arne,Bad Blood,Paul Hjelm,2,2013,
,Davis,Lindsey,A Body in the Bath House (2x),Falco,,,C
,Davis,Lindsey,A Dying Light in Cordoba,Falco,,,C
,Davis,Lindsey,Alexandria,Falco,,,B
,Davis,Lindsey,Last Act in Palmyra,Falco,,,L
,Davis,Lindsey,Ode to a Banker,Falco,,,B
,Davis,Lindsey,One Virgin Too Many,Falco,,,B
,Davis,Lindsey,Saturnalia,Falco,,,W
,Davis,Lindsey,Scandal Takes a Holiday,Falco,,,S
,Davis,Lindsey,Shadows in Bronze,Falco,,,L
,Davis,Lindsey,The Accusers,Falco,,,C
,Davis,Lindsey,The Iron Hand of Mars,Falco,,,L
,Davis,Lindsey,The Jupiter Myth,Falco,,,B
,Davis,Lindsey,The Silver Pigs,Falco,,,L
,Davis,Lindsey,Three Hands in the Fountain,Falco,,,B
,Davis,Lindsey,Time to Depart,Falco,,,C
,Davis,Lindsey,Two for the Lions,Falco,,,C
,Davis,Lindsey,Venus in Copper,Falco,,,L
,Dean,Miss Anna,A Gentleman of Fortune,Miss Dido Kent,,,
,Dean,Miss Anna,A Moment of Silence,Miss Dido Kent,,,
,Dean,Miss Anna,A Place of Confinement,Miss Dido Kent,,,
,Dean,Miss Anna,A Woman of Consequence,Miss Dido Kent,,,
,Deaver,Jeffery,Edge,Corte,,,Q
,Deaver,Jeffery,Shallow Graves,John Pellam,1,1992,M
,Deaver,Jeffery,Bloody River Blues,John Pellam,2,1993,M
,Deaver,Jeffery,Hell's Kitchen,John Pellam,3,2001,J
,Deaver,Jeffery,The Sleeping Doll,Kathryn Dance,1,2007,T
,Deaver,Jeffery,XO,Kathryn Dance,2,,
,Deaver,Jeffery,The Coffin Dancer,Lincoln Rhyme,2,1998,F
,Deaver,Jeffery,The Empty Chair,Lincoln Rhyme,3,2000,G
,Deaver,Jeffery,The Stone Monkey,Lincoln Rhyme,4,2002,G
,Deaver,Jeffery,The Vanished Man,Lincoln Rhyme,5,2003,D
,Deaver,Jeffery,The Twelfth Card,Lincoln Rhyme,6,2005,R
,Deaver,Jeffery,The Cold Moon,Lincoln Rhyme,7,2006,R
,Deaver,Jeffery,The Broken Window,Lincoln Rhyme,8,2008,M
,Deaver,Jeffery,The Burning Wire,Lincoln Rhyme,9,2010,P
,Deaver,Jeffery,The Kill Room,Lincoln Rhyme,10,,
,Deaver,Jeffery,The Skin Collector,Lincoln Rhyme,11,2015,
,Deaver,Jeffery,Mistress of Justice,,,1992,C
,Deaver,Jeffery,Praying for Sleep,,,1994,B
,Deaver,Jeffery,A Maiden's Grave,,,1995,C
,Deaver,Jeffery,Speaking in Tongues,,,1995,C
,Deaver,Jeffery,The Devil's Teardrop,,,1999,C
,Deaver,Jeffery,The Blue Nowhere,,,2001,I
,Deaver,Jeffery,Garden of Beasts,,,2004,M
,Deaver,Jeffery,The Bodies Left Behind,,,2009,B
,Dexter,Colin,Death is Now Thy Neighbour,Morse,,,G
,Dexter,Colin,Death is Now Thy Neighbour,Morse,,,J
,Dexter,Colin,Last Bus to Woodstock,Morse,,,J
,Dexter,Colin,Last Seen Wearing,Morse,,,J
,Dexter,Colin,Morse's Greatest Mystery,Morse,,,G
,Dexter,Colin,Service of All the Dead,Morse,,,J
,Dexter,Colin,The Daughter's of Cain,Morse,,,J
,Dexter,Colin,The Dead of Jericho,Morse,,,J
,Dexter,Colin,The Jewel That Was Ours,Morse,,,J
,Dexter,Colin,The Remorseful Day,Morse,,,J
,Dexter,Colin,The Riddle of the Third Mile,Morse,,,J
,Dexter,Colin,The Secret of Annex 3,Morse,,,J
,Dexter,Colin,The Silent World of Nicholas Quinn,Morse,,,J
,Dexter,Colin,The Way Through the Woods,Morse,,,J
,Dexter,Colin,The Wench is Dead,Morse,,,J
,Dickinson,David,Death of a Chancellor,,,,C
,Doherty,P.C.,Crown In Darkness,Hugh Corbett,,,
,Doherty,P.C.,A Brood of Vipers,,,,O
,Doherty,P.C.,A Tapestry of Murders,,,,O
,Doherty,P.C.,A Tournament of Murders,,,,O
,Doherty,P.C.,An Ancient Evil,,,,O
,Doherty,P.C.,The Gallows Murders,,,,O
,Doherty,P.C.,The Grail Murders,,,,O
,Doherty,P.C.,The Poisoned Chalice,,,,O
,Doherty,P.C.,The White Rose Murders,,,,O
,Doherty,Paul,The Demon Archer,Hugh Corbett,,,
,Doherty,Paul,A Haunt of Murder,,,,R
,Doherty,Paul,Corpse Candle,,,,S
,Doherty,Paul,Ghostly Murders,,,,G
,Doherty,Paul,Satan's Fire,,,,I
,Doherty,Paul,The Anubis Slayings,,,,I
,Doherty,Paul,The Cup of Ghosts,,,,U
,Doherty,Paul,The Devil's Domain,,,,G
,Doherty,Paul,The Field of Blood,,,,R
,Doherty,Paul,The Hangman's Hymn,,,,R
,Doherty,Paul,The Horus Killings,,,,I
,Doherty,Paul,The House of Shadows,,,,R
,Doherty,Paul,The Mask of Ra,,,,I
,Doherty,Paul,The Song of a Dark Angel,,,,I
,Doherty,Paul,The Templar,,,,C
,Dohery,Paul,Corpse Candle,Hugh Corbet,,,Q
,Dohery,Paul,The Devil's Hunt,Hugh Corbet,,,Q
,Dohery,Paul,The Poison Maiden,Mathilde,,,Q
,Dunn,Carola,Death at Wentwater Court,Daisy Dalrymple,1,,
,Dunn,Carola,The Winter Garden Mystery,Daisy Dalrymple,2,,
,Dunn,Carola,Requiem for a Mezzo,Daisy Dalrymple,3,,
,Dunn,Carola,Murder on the Flying Scotsman,Daisy Dalrymple,4,,
,Dunn,Carola,Damsel in Distress,Daisy Dalrymple,5,,
,Dunn,Carola,Dead in the Water,Daisy Dalrymple,6,,
,Dunn,Carola,Manna from Hades,Eleanor Trewynn,1,,
,Dunn,Carola,A Colourful Death,Eleanor Trewynn,2,,
,Dunn,Carola,Valley of the Shadow,Eleanor Trewynn,3,,
,Durbridge,Francis,The Tyler Mystery,Paul Temple,,,Q
,Eco,Umberto,Foucault's Pendulum,,,,T
,Eco,Umberto,The Name of the Rose,,,,K
,Edwards,Martin,The Arsenic Labyrinth,Hannah Scarlett,,,
,Edwards,Martin,The Cipher Garden,Hannah Scarlett,,,
,Edwards,Martin,The Coffin Trail,Hannah Scarlett,,,
,Edwards,Martin,The Frozen Shroud,Hannah Scarlett,,,
,Edwards,Martin,The Serpent Pool,Hannah Scarlett,,,
,Ellis,Alice Thomas,The Fly in the Ointment,,,,I
,Ellis,Kate,An Unhallowed Grave,Wesley Peterson,,1999,
,Ellis,Kate,The Armada Boy,Wesley Peterson,,1999,
,Ellis,Kate,The Flesh Tailor,Wesley Peterson,,2010,
,Ellis,Kate,The Jackal Man,Wesley Peterson,,2011,
,Ellis,Kate,The Cadaver Game,Wesley Peterson,,2012,
,Ellis,Kate,The Shadow Collector,Wesley Peterson,,2013,
,Ellis,Kate,The Shroud Maker,Wesley Peterson,,2014,
,Ellis,Kate,The Death Season,Wesley Peterson,,,
,Eriksson,Kjell,"Black Lies, Red Blood",Ann Lindell,,,
,Eriksson,Kjell,The Demon of Dakar,Ann Lindell,,,
,Eriksson,Kjell,The Hand that Trembles,Ann Lindell,,,
,Eriksson,Kjell,The Princess of Burundi,Ann Lindell,,,
,Farjeon,J Jefferson,Mystery in White,,,1937,
,Farjeon,J Jefferson,The Z Murders,,,,*
,Farjeon,J Jefferson,The Thirteen Guests,,,,*
,Fench,Tana,Broken Harbour,,,,
,Fforde,Jasper,The Fourth Bear,Jack Spratt,,,U
,Fforde,Jasper,The Eyre Affair,Thursday Next,1,2001,
,Fforde,Jasper,Lost In A Good Book,Thursday Next,2,2002,
,Fforde,Jasper,The Well of Lost Plots,Thursday Next,3,2003,
,Fforde,Jasper,Something Rotten,Thursday Next,4,2004,
,Fforde,Jasper,First Amongst Sequels,Thursday Next,5,2007,
,Fforde,Jasper,One of Our Thursdays is Missing,Thursday Next,6,2011,
,Fowler,Debby,Intensive Care,Felicity Paradise,,,A
,Fowler,Debby,Letting Go,Felicity Paradise,,,
,Fowler,Debby,Smoke Damage,Felicity Paradise,,,A
,Fowler,Debby,The Silver Sea,Felicity Paradise,,,A
,Fox,Kathryn,Cold Grave,,,,
,Francis ,Dick,Blood Sport,,,,K
,Francis ,Dick,Dead Cert,,,,K
,Francis ,Dick,Flying Finish,,,,K
,Francis ,Dick,In the Frame,,,,K
,Francis ,Dick,Knock Down,,,,K
,Francis ,Dick,Nerve,,,,K
,Francis ,Dick,Rat Race,,,,K
,Francis ,Dick,Trial Run,,,,K
,Francis ,Dick,Whip Hand,,,,K
,Franklin,Ariana,Mistress of Artful Death,Adelia Aguilar,,,C
,Franklin,Ariana,Relics of the Dead,,,,K
,Franklin,Ariana,The Death Maze,,,,U
,Fraser,Antonia,Quiet as a Nun,Jemima Shore,,1977,
,Fraser,Antonia,Tartan Tragedy,Jemima Shore,,1978,
,Frazer,Margaret,A Play of Isaac,Joliffe,1,2004,C
,Frazer,Margaret,A Play of Dux Moraud,Joliffe,2,2005,C
,Frazer,Margaret,A Play of Knaves,Joliffe,3,2006,C
,Frazer,Margaret,A Play of Lords,Joliffe,4,2207,C
,Frazer,Margaret,Play of Treachery,Joliffe,5,2009,O
,Frazer,Margaret,The Novice's Tale,Sister Frevisse,1,1992,O
,Frazer,Margaret,The Servant's Tale,Sister Frevisse,2,1993,O
,Frazer,Margaret,The Outlaw's Tale,Sister Frevisse,3,1994,O
,Frazer,Margaret,The Bishop's Tale,Sister Frevisse,4,,*
,Frazer,Margaret,The Boy's Tale,Sister Frevisse,5,1995,O
,Frazer,Margaret,The Murderer's Tales,Sister Frevisse,6,,*
,Frazer,Margaret,The Prioress' Tale,Sister Frevisse,7,1997,O
,Frazer,Margaret,The Maiden's Tale,Sister Frevisse,8,1998,P
,Frazer,Margaret,The Reeve's Tale,Sister Frevisse,9,1999,O
,Frazer,Margaret,The Squire's Tale,Sister Frevisse,10,2000,O
,Frazer,Margaret,The Clerk's Tale,Sister Frevisse,11,2002,O
,Frazer,Margaret,The Bastard's Tale,Sister Frevisse,12,2003,O
,Frazer,Margaret,The Hunter's Tale,Sister Frevisse,13,2004,O
,Frazer,Margaret,The Widow's Tale,Sister Frevisse,14,2005,O
,Frazer,Margaret,The Sempstress' Tale,Sister Frevisse,15,2006,O
,Frazer,Margaret,The Traitor's Tale,Sister Frevisse,16,2007,O
,Frazer,Margaret,The Apostate's Tale,Sister Frevisse,17,2008,O
,Frazer,Margaret,The Widow's Tale (x2),Sister Frevisse,,,O
,Freeman,Austin R.,Dr Thorndyke's Casebook,Thorndyke,,,M
,Freeman,Austin R.,Mr Potternack's Oversight,Thorndyke,,,K
,Freeman,R. Austin,The Eye of Osiris,Thorndyke,,,F
,French,Nicci,Blue Monday,Freida Klein,1,,
,French,Nicci,Tuesday's Gone,Frieda Klein,2,,
,French,Nicci,Waiting for Wednesday,Frieda Klein,3,,
,French,Tana,Faithful Place,,,2010,
,French,Tana,In The Woods,,,,
,Fyfield,Frances,Half Light,,,,R
,Fyfield,Frances,Undercurrents,,,,R
,Gardner,Lisa,The Other Daughter*1,,,,F
,Gardner,Lisa,The Perfect Husband*1,,,,F
,Gatiss,Mark,The Devil in Amber,Lucifer Box,,,B
,Gatiss,Mark,The Vesuvius Club,Lucifer Box,,,Q
,Gazan,Sissel-Jo,The Dinosaur Feather,,,,J
,George,Elizabeth,A Place of Hiding,Lynley,,,D
,George,Elizabeth,A Suitable Vengeance,Lynley,,,L
,George,Elizabeth,A Traitor to Memory,Lynley,,,D
,George,Elizabeth,Believing The Lie,Lynley,,,
,George,Elizabeth,Careless in Red,Lynley,,,S
,George,Elizabeth,Deception on His Mind,Lynley,,,G
,George,Elizabeth,In Pursuit of the Proper Sinner,Lynley,,,G
,George,Elizabeth,In the Presence of the Enemy,Lynley,,,G
,George,Elizabeth,Just One Evil Act,Lynley,,,
,George,Elizabeth,Plating for the Ashes,Lynley,,,L
,George,Elizabeth,This Body of Death,Lynley,,,P
,George,Elizabeth,With No One As Witness,Lynley,,,R
,Gifford,Thomas,The Assassini,,,,S
,Gill,Anthony,City of Dreams,,,,H
,Giuttari,Michele,The Black Rose of Florence,Michele Ferrara,,2010,
,Giuttari,Michele,The Dark Heart of Florence,Michele Ferrara,,2012,
,Giuttari,Michele,A Death in Tuscany,Michele Ferrara,,,
,Gleeson,Janet,The Grenadillo Box,,,,E
,Goddard,Robert,Caught in the Light,,,,G
,Goddard,Robert,Dying to Tell,,,,J
,Goddard,Robert,Fault Line,,,,J
,Goddard,Robert,Name to a Face,,,,T
,Goddard,Robert,Never Go Back,,,,T
,Goddard,Robert,Sea Change,,,,J
,Godfrey (Ed),Thomas,Country House Murders,,,,E
,Gooden,Philip,Sleep of Death (Shakespeare Murder Mysteries),,,,C
,Goodwin,Jason,The Janissary Tree,,,,C
,Goodwin,Jason,The Snake Stone,,,,C
,Grafton,Sue,A is for Alibi,Kinsey Millhone,,,T
,Grafton,Sue,B is for Burglar,Kinsey Millhone,,,
,Grafton,Sue,C is for Corpse,Kinsey Millhone,,,
,Grafton,Sue,D is for Deadbeat,Kinsey Millhone,,,
,Grafton,Sue,E is for Evidence,Kinsey Millhone,,,
,Grafton,Sue,F is for Fugitive,Kinsey Millhone,,,
,Grafton,Sue,G is for Gumshoe,Kinsey Millhone,,,
,Grafton,Sue,H is for Homicide,Kinsey Millhone,,,
,Grafton,Sue,I is for Innocent,Kinsey Millhone,,,
,Grafton,Sue,J is for Judgement,Kinsey Millhone,,,
,Grafton,Sue,K is for Killer,Kinsey Millhone,,,
,Grafton,Sue,M is for Malice*1,Kinsey Millhone,,,U
,Grafton,Sue,N is for Noose*1,Kinsey Millhone,,,U
,Grafton,Sue,Q is for Quarry,Kinsey Millhone,,,
,Grafton,Sue,R is for Ricochet,Kinsey Millhone,,,
,Grafton,Sue,S is for Silence,Kinsey Millhone,,,
,Grafton,Sue,T is for Trespass,Kinsey Millhone,,,
,Grafton,Sue,U is for Undertow,Kinsey Millhone,,,
,Granger,Ann,Cold in th Earth,,,,T
,Granger,Ann,Say It With Poison,,,,F
,Granger,Ann,That Way Murder Lies,,,,S
,Grecian,Alex,The Yard,Day and Hammersmith,1,,
,Grecian,Alex,The Black Country,Day and Hammersmith,2,,
,Greenwood,D.M.,Clerical Errors,,,,D
,Greenwood,D.M.,Unholy Ghosts,,,,K
,Greenwood,Kerry,Cocaine Blues,,,,C
,Greenwood,Kerry,Flying Too High,,,,C
,Greenwood,Kerry,Murder on a Midsummer Night,,,,B
,Gregory,Susanna,A Plague on Both Your Houses,Matthew Bartholomew,1,,C
,Gregory,Susanna,A Bone of Contention,Matthew Bartholomew,3,,E
,Gregory,Susanna,A Deadly Brew,Matthew Bartholomew,4,,E
,Gregory,Susanna,A Wicked Deed,Matthew Bartholomew,5,,C
,Gregory,Susanna,An Order for Death,Matthew Bartholomew,7,,D
,Gregory,Susanna,A Summer of Discontent,Matthew Bartholomew,8,,D
,Gregory,Susanna,A Killer In Winter,Matthew Bartholomew,9,,
,Gregory,Susanna,The Hand of Justice,Matthew Bartholomew,10,,T
,Gregory,Susanna,The Mark of a Murderer,Matthew Bartholomew,11,,C
,Gregory,Susanna,The Tarnished Chalice,Matthew Bartholomew,12,,C
,Gregory,Susanna,To Kill or Cure,Matthew Bartholomew,13,,U
,Gregory,Susanna,The Devil's Disciple,Matthew Bartholomew,14,,T
,Gregory,Susanna,A Vein of Deceit,Matthew Bartholomew,15,,M
,Gregory,Susanna,The Killer of Pilgrims,Matthew Bartholomew,16,,P
,Gregory,Susanna,Mystery in the Minster,Matthew Bartholomew,17,,
,Gregory,Susanna,Murder by the Book,Matthew Bartholomew,18,,
,Gregory,Susanna,The Lost Abbot,Matthew Bartholomew,19,,
,Gregory,Susanna,Death of a Scholar,Matthew Bartholomew,20,,
,Gregory,Susanna,A Conspiracy of Violence,Thomas Chaloner,1,,C
,Gregory,Susanna,Blood on the Strand,Thomas Chaloner,2,,C
,Gregory,Susanna,The Butcher of Smithfield,Thomas Chaloner,3,,T
,Gregory,Susanna,The Westminster Poisoner,Thomas Chaloner,4,,B
,Gregory,Susanna,A Murder on London Bridge,Thomas Chaloner,5,,P
,Gregory,Susanna,The Body in the Thames,Thomas Chaloner,6,,
,Gregory,Susanna,The Picadilly Plot,Thomas Chaloner,7,,
,Gregory,Susanna,Deat in St James's Park,Thomas Chaloner,8,,
,Gregory,Susanna,Murder on High Holborn,Thomas Chaloner,9,2013,
,Griffiths,Elly,The Crossing Places,Ruth Galloway,1,2009,
,Griffiths,Elly,The Janus Stone,Ruth Galloway,2,2010,
,Griffiths,Elly,The House at Sea's End,Ruth Galloway,3,2011,
,Griffiths,Elly,A Room Full of Bones,Ruth Galloway,4,2011,
,Griffiths,Elly,A Dying Fall,Ruth Galloway,5,2012,
,Griffiths,Elly,The Outcast Dead,Ruth Galloway,6,2014,C
,Grimes,Martha,I Am The Only Running Footman,,,,F
,Grimes,Martha,The Dirty Duck,,,,D
,Grinold,Lucretia,The Faces of Angels,,,,R
,Grisham,John,The Firm,,,,G
,Hall,M.R.,The Chosen Dead,Jenny Cooper,,,
,Harding,Paul,By Murder's Bright Light,Brother Anselm,,,L
,Harding,Paul,Murder Most Holy,Brother Anselm,,,L
,Harding,Paul,The Anger of God,Brother Anselm,,,L
,Harding,Paul,The House of the Red Slayer,Brother Anselm,,,L
,Harding,Paul,The Nightingale Gallery,Brother Anselm,,,L
,Harding,Paul,The Assassin's Riddle,,,,S
,Harding,Paul,The House of Crows,,,,S
,Hardwick,Mollie,Malice Domestic,,,,K
,Hardwick,Mollie,Parson's Pleasure,,,,L
,Hardwick,Mollie,The Bandersnatch,,,,K
,Hardwick,Mollie,Uneaseful Death,,,,K
,Harris,Tessa,The Anatomist's Apprentice,,,2012,
,Harris,Tessa,The Dead Shall Not Rise,,,2013,
,Harris,Tessa,The Devil's Breath,,,2014,
,Hay,Mavis Doriel,The Santa Klaus Murder,,,1936,
,Hayder,Mo,Birdman,Jack Caffery,1,,M
,Hayder,Mo,The Treatment,Jack Caffery,2,,M
,Hayder,Mo,Ritual,Jack Caffery,3,,M
,Hayder,Mo,Skin,Jack Caffery,4,,M
,Hayder,Mo,Gone,Jack Caffery,5,,P
,Hayder,Mo,Poppet,Jack Caffery,6,,
,Hayder,Mo,Wolf,Jack Caffery,7,2014,
,Hayder,Mo,Devil of Manking,,,,P
,Hayder,Mo,Hanging Hill,,,,
,Hayder,Mo,Pig Island,,,,P
,Hayes,Terry,I am Pilgrim,,,,
,Hewson,David,The Villa of Mysteries,,,,
,Higgins-Clark,Mary,The Christmas Collection,,,,R
,Highsmith,Domini,Keeper at the Shrine,,,,G
,Highsmith,Patricia,A Suspension of Mercy,,,,
,Hill,Reginald,Singing the Sadness,,,,C
,Hill,Susan,The Pure in Heart,Serrailler,,,R
,Hill,Susan,The Risk of Darkness,Serrailler,,,B
,Hill,Susan,The Risk of Darkness,Serrailler,,,T
,Hill,Susan,The Shadows in the Streets,Serrailler,,,Q
,Hill,Susan,The Various Haunts of Men,Serrailler,,,R
,Hill,Susan,The Vows of Silence,Serrailler,,,B
,Hodgson,Antonia,The Devil in the Marshalsea,Tom Hawkins,1,2014,
,Hoeg,Peter,Miss Smilla's Feeling for Snow,,,,G
,Holm,Timothy,At the Lake of Sudden Death,,,,K
,Holm,Timothy,The Assisi Murders,,,,K
,Holm,Timothy,The Devil and the Dolce Vita,,,,K
,Holm,Timothy,The Neaploitan Streak,,,,K
,Holme,Timothy,A Funeral of Gondolas,,,,R
,Horan,Ellen,31 Bond Street,,,,P
,Iles,Francis,Before the Fact,,,,Q
,Indridason,Arnaldur,Jar City,Erlandur,1,2004,
,Indridason,Arnaldur,Silence of the Grave,Erlandur,2,2006,
,Indridason,Arnaldur,Voices,Erlandur,3,2006,
,Indridason,Arnaldur,The Draining Lake,Erlandur,4,2007,
,Indridason,Arnaldur,Arctic Chill,Erlandur,5,2008,
,Indridason,Arnaldur,Hypothermia,Erlandur,6,2009,
,Indridason,Arnaldur,Black Skies,Sigurdur Oli,,,
,Innes,Michael,Death at the President's Lodgings*1,,,,K
,Innes,Michael,"Hamlet, Revenge!*1",,,,K
,Innes,Michael,Operation Pax*2,,,,K
,Innes,Michael,The Daffodil Affair*1,,,,K
,Innes,Michael,The Journeying Box*2,,,,K
,Innes,Michael,The Man From the Sea*2,,,,K
,James,P.D.,A Mind to Murder,Dalgliesh,,,K
,James,P.D.,Cover Her Face,Dalgliesh,,,K
,James,P.D.,Death In Holy Orders,Dalgliesh,,,G
,James,P.D.,Death of an Expert Witness,Dalgliesh,,,K
,James,P.D.,Innocent Blood,Dalgliesh,,,I
,James,P.D.,Innocent Blood,Dalgliesh,,,K
,James,P.D.,Original Sin,Dalgliesh,,,G
,James,P.D.,Shroud for a Nightingale,Dalgliesh,,,K
,James,P.D.,The Black Tower,Dalgliesh,,,K
,James,P.D.,The Lighthouse,Dalgliesh,,,U
,James,P.D.,The Murder Room,Dalgliesh,,,D
,James,P.D.,The Private Patient,Dalgliesh,,,B
,James,P.D.,The Skull Beneath the Skin,Dalgliesh,,,K
,James,P.D.,Unnatural Causes,Dalgliesh,,,K
,James,P.D.,An Unsuitable Job for a Woman,,,,K
,James,P.D.,Death Comes to Pemberley,,,,
,James,Peter,Want You Dead,Roy Grace,10,2014,
,James,Peter,Dead Like You,Roy Grace,,,P
,James,Peter,Dead Man's Footsteps,Roy Grace,,,U
,James,Peter,Dead Man's Grip,Roy Grace,,,
,James,Peter,Dead Man's Time,Roy Grace,,,
,James,Peter,Dead Simple,Roy Grace,,,R
,James,Peter,Dead Tomorrow,Roy Grace,,,T
,James,Peter,Looking Good Dead,Roy Grace,,,U
,James,Peter,Not Dead Enough,Roy Grace,,,T
,James,Peter,Dreamer,,,,T
,Jecks,Michael,The Last Templar,Sir Baldwin de Furnshill,1,,C
,Jecks,Michael,The Merchant's Partner,Sir Baldwin de Furnshill,2,,C
,Jecks,Michael,A Moorland Hanging,Sir Baldwin de Furnshill,3,,C
,Jecks,Michael,The Crediton Killings,Sir Baldwin de Furnshill,4,,N
,Jecks,Michael,The Abbot's Gibbet,Sir Baldwin de Furnshill,5,,N
,Jecks,Michael,The Leper's Return,Sir Baldwin de Furnshill,6,,N
,Jecks,Michael,Squire Thornleigh's Heir,Sir Baldwin de Furnshill,7,,N
,Jecks,Michael,Belladonna at Belstone,Sir Baldwin de Furnshill,8,,N
,Jecks,Michael,The Trator of Saint Giles,Sir Baldwin de Furnshill,9,,N
,Jecks,Michael,The Boy-Bishop's Glovemaker,Sir Baldwin de Furnshill,10,,C
,Jecks,Michael,The Boy-Bishop's Glovemaker,Sir Baldwin de Furnshill,10,,N
,Jecks,Michael,The Tournament of Blood,Sir Baldwin de Furnshill,11,,N
,Jecks,Michael,The Sticklepath Strangler,Sir Baldwin de Furnshill,12,,C
,Jecks,Michael,The Devil's Acolyte,Sir Baldwin de Furnshill,13,,N
,Jecks,Michael,The Mad Monk of Gidleigh,Sir Baldwin de Furnshill,14,,N
,Jecks,Michael,The Templar's Penance,Sir Baldwin de Furnshill,15,,N
,Jecks,Michael,The Oulaws of Ennor,Sir Baldwin de Furnshill,16,,N
,Jecks,Michael,The Tolls of Death,Sir Baldwin de Furnshill,17,,N
,Jecks,Michael,The Chapel of Bones,Sir Baldwin de Furnshill,18,,N
,Jecks,Michael,The Butcher of Saint Peter's,Sir Baldwin de Furnshill,19,,N
,Jecks,Michael,A Friar's Bloodfeud,Sir Baldwin de Furnshill,20,,N
,Jecks,Michael,The Death Ship of Dartmouth,Sir Baldwin de Furnshill,21,,N
,Jecks,Michael,The Malice of Unnatural Death,Sir Baldwin de Furnshill,22,,T
,Jecks,Michael,Dispensation of Death,Sir Baldwin de Furnshill,23,,Q
,Jecks,Michael,"The Templar, The Queen and Her Lover",Sir Baldwin de Furnshill,24,,T
,Jecks,Michael,The Prophecy of Death,Sir Baldwin de Furnshill,25,,Q
,Jecks,Michael,The King of Thieves,Sir Baldwin de Furnshill,26,,
,Jecks,Michael,No Law in the Land,Sir Baldwin de Furnshill,27,,Q
,Jecks,Michael,The Bishop Must Die (2x),Sir Baldwin de Furnshill,28,,Q
,Jecks,Michael,The Oath,Sir Baldwin de Furnshill,29,,P
,Jecks,Michael,King's Gold,Sir Baldwin de Furnshill,30,2011,
,Jecks,Michael,City of Fiends,Sir Baldwin de Furnshill,31,2013,
,Kallentoft,Mons,Midwinter Sacrifice,Malin Fors,1,,
,Kallentoft,Mons,Savage Spring,Malin Fors,2,,J
,Kallentoft,Mons,Autumn Killin,Malin Fors,3,2012,
,Kellerman,Faye,Jupiter's Bones,,,,E
,Kellerman,Faye,The Quality of Mercy,,,,H
,Kerr,Philip,If the Dead Rise Not,Bernie Gunther,,,
,Kerr,Philip,January Window,Scott Manson,,,
,King,Laurie R.,Touchstone,Harris Stuyvessant,1,,
,King,Laurie R.,The Bones of Paris,Harris Stuyvessant,2,,
,King,Laurie R.,The Beekeeper's Apprentice,Mary Russell & Sherlock Holmes,1,1994,M
,King,Laurie R.,A Monstrous Regiment of Women,Mary Russell & Sherlock Holmes,2,1995,
,King,Laurie R.,A Letter Of Mary,Mary Russell & Sherlock Holmes,3,,
,King,Laurie R.,The Moor,Mary Russell & Sherlock Holmes,4,,
,King,Laurie R.,O Jerusalem,Mary Russell & Sherlock Holmes,5,1999,
,King,Laurie R.,Justice Hall,Mary Russell & Sherlock Holmes,6,2002,
,King,Laurie R.,The Game,Mary Russell & Sherlock Holmes,7,2004,M
,King,Laurie R.,Locked Rooms,Mary Russell & Sherlock Holmes,8,2005,M
,King,Laurie R.,The Language of Bees,Mary Russell & Sherlock Holmes,9,2009,M
,King,Laurie R.,The God of the Hive,Mary Russell & Sherlock Holmes,10,2010,
,King,Laurie R.,Pirate King,Mary Russell & Sherlock Holmes,11,2011,
,King,Laurie R.,Garment of Shadows,Mary Russell & Sherlock Holmes,12,,
,King,Ross,Ex Libris,,,,E
,Knight,Alanna,Murders Most Foul,Faro,,,
,Knight,Alanna,The Seal King Murders,Faro,,,
,Knight,Alanna,Deadly Legacy,Rose McQuinn,,,
,Knight,Bernard,The Sanctuary Seeker,Crowner John,1,1998,E
,Knight,Bernard,The Poisoned Chalice,Crowner John,2,1998,E
,Knight,Bernard,Crowner's Quest,Crowner John,3,1999,E
,Knight,Bernard,The Awful Secret,Crowner John,4,2000,E
,Knight,Bernard,The Tinner's Corpse,Crowner John,5,2001,E
,Knight,Bernard,The Grim Reaper,Crowner John,6,2002,C
,Knight,Bernard,Fear in the Forest,Crowner John,7,2003,E
,Knight,Bernard,The Witch Hunter,Crowner John,8,2004,E
,Knight,Bernard,Figure of Hate,Crowner John,9,2005,E
,Knight,Bernard,The Elixir of Death,Crowner John,10,2006,R
,Knight,Bernard,The Noble Outlaw,Crowner John,11,2007,T
,Knight,Bernard,The Manor of Death,Crowner John,12,2008,T
,Knight,Bernard,Crowner Royal,Crowner John,13,2009,M
,Knight,Bernard,A Plague of Heretics,Crowner John,14,2010,Q
,Lackberg,Camilla,The Ice Princess,Hedström,1,,P
,Lackberg,Camilla,The Preacher,Hedström,2,,P
,Lackberg,Camilla,The Stone Cutter,Hedström,3,,P
,Lackberg,Camilla,The Stranger,Hedström,4,,
,Lackberg,Camilla,The Hidden Child,Hedström,5,,P
,Lackberg,Camilla,The Drowning,Hedström,6,,
,Lackberg,Camilla,The Lost Boy,Hedström,7,,
,Larsson,Stieg,The Girl With The Dragon Tattoo,,1,,M
,Larsson,Stieg,The Girl Who Played With Fire,,2,,M
,Larsson,Stieg,The Girl Who Kicked the Hornet's Nest,,3,,M
,Lawrence,Paul,The Sweet Smell of Decay,Harry Lytle,1,,
,Lawrence,Paul,A Plague of Sinners,Harry Lytle,2,,M
,Lawrence,Paul,Hearts of Darkness,Harry Lytle,3,,
,Lovesey,Peter,Bertie and the Crime of Passion,"Albert Edward, Prince of Wales",,,M
,Lovesey,Peter,Bertie and the Seven Bodies,"Albert Edward, Prince of Wales",,,M
,Lovesey,Peter,Bertie and the Tin Man,"Albert Edward, Prince of Wales",,,M
,Lovesey,Peter,A Case of Spirits,Cribbe,,,M
,Lovesey,Peter,Abracadaver,Cribbe,,,M
,Lovesey,Peter,Invitation to a Dynamite Party,Cribbe,,,M
,Lovesey,Peter,Mad Hatter's Holiday,Cribbe,,,M
,Lovesey,Peter,The Detective Wore Silk Drawers,Cribbe,,,M
,Lovesey,Peter,Wobble to Death,Cribbe,,,M
,Lovesey,Peter,The Circle,Hen Malin,1,,R
,Lovesey,Peter,The Headhunters,Hen Malin,2,,M
,Lovesey,Peter,The Stone Wife,Peter Diamond,14,2015,
,Lovesey,Peter,Bloodhounds,Peter Diamond,,,G
,Lovesey,Peter,Cop to Corpse,Peter Diamond,,,
,Lovesey,Peter,Diamond Dust,Peter Diamond,,,G
,Lovesey,Peter,Diamond Solitaire,Peter Diamond,,,G
,Lovesey,Peter,Do Not Exceed Stated Dose,Peter Diamond,,,G
,Lovesey,Peter,Skeleton Hill,Peter Diamond,,,
,Lovesey,Peter,Stagestruck,Peter Diamond,,,
,Lovesey,Peter,The House Sitter,Peter Diamond,,,D
,Lovesey,Peter,The Last Detective,Peter Diamond,,,D
,Lovesey,Peter,The Reaper,Peter Diamond,,,G
,Lovesey,Peter,The Secret Hangman,Peter Diamond,,,U
,Lovesey,Peter,The Summons,Peter Diamond,,,G
,Lovesey,Peter,The Tooth Tattoo,Peter Diamond,,,C
,Lovesey,Peter,The Vault,Peter Diamond,,,G
,Lovesey,Peter,Upon A Dark Night,Peter Diamond,,,G
,Lovesey,Peter,Keystone,,,,M
,Lovesey,Peter,The False Inspector Dew,,,,M
,Luther,Peter,Dark Covenant,,,,U
,Luther,Peter,The Mourning Vessels,,,,U
,MacLean,Shona,A Game of Sorrows,Alexander Seaton,,,
,MacLean,Shona,The Redemption of Alexander Seaton,Alexander Seaton,,,
,Maitland,Karen,The Vanishing Witch,,,2015,
,Maitland,Karen,Company of Liars,,,,U
,Maitland,Karen,The Gallows Curse,,,,
,Maitland,Karen,The Owl Killers,,,,J
,Marston,Edward,The Wolves of Savernake,Domesday,1,1993,E
,Marston,Edward,The Ravens of Blackwater,Domesday,2,1994,E
,Marston,Edward,The Owls of Gloucester,Domesday,10,2000,S
,Marston,Edward,The Elephants of Norwich,Domesday,11,2000,S
,Marston,Edward,The Queen's Head,Elizabethan Theatre,1,1988,E
,Marston,Edward,The Merry Devils,Elizabethan Theatre,2,1989,E
,Marston,Edward,The Trip to Jersualem,Elizabethan Theatre,3,1990,E
,Marston,Edward,The Nine Giants,Elizabethan Theatre,4,1991,E
,Marston,Edward,The Mad Courtesan,Elizabethan Theatre,5,1992,E
,Marston,Edward,The Silent Woman,Elizabethan Theatre,6,1994,
,Marston,Edward,The Roaring Boy,Elizabethan Theatre,7,1995,
,Marston,Edward,The Laughing Hangman,Elizabethan Theatre,8,1996,
,Marston,Edward,The Fair Maid of Bohemia,Elizabethan Theatre,9,1997,
,Marston,Edward,The Wanton Angel,Elizabethan Theatre,10,1999,
,Marston,Edward,The Devil's Apprentice,Elizabethan Theatre,11,2001,
,Marston,Edward,The Bawdy Basket,Elizabethan Theatre,12,2002,
,Marston,Edward,The Vagabond Clown,Elizabethan Theatre,13,2003,
,Marston,Edward,The Counterfiet Crank,Elizabethan Theatre,14,2004,
,Marston,Edward,A Bespoke Murder,Marmion & Keedy,1,,
,Marston,Edward,Instrument of Slaughter,Marmion & Keedy,2,,
,Marston,Edward,Five Dead Canaries,Marmion & Keedy,3,2013,
,Marston,Edward,The King's Evil,Redmayne,1,1999,M
,Marston,Edward,The Amorous Nightingale,Redmayne,2,2000,Q
,Marston,Edward,The Repentant Rake,Redmayne,3,2001,Q
,Marston,Edward,The Frost Fair,Redmayne,4,2003,I
,Marston,Edward,The Parliament House,Redmayne,5,2006,S
,Marston,Edward,The Painted Lady,Redmayne,6,2007,S
,Marston,Edward,The Railway Detective,Robert Colbeck,1,2004,S
,Marston,Edward,The Excursion Train,Robert Colbeck,2,2005,S
,Marston,Edward,The Railway Viaduct,Robert Colbeck,3,2006,S
,Marston,Edward,The Iron Horse,Robert Colbeck,4,2007,U
,Marston,Edward,Murder on the Brighton Express,Robert Colbeck,5,2008,S
,Marston,Edward,The Silver Locomotive Mystery,Robert Colbeck,6,2009,K
,Marston,Edward,Railway to the Grave,Robert Colbeck,7,2010,Q
,Marston,Edward,Blood on the Line,Robert Colbeck,8,2011,
,Marston,Edward,The Stationmaster's Farewell,Robert Colbeck,9,2012,
,Marston,Edward,Peril on the Royal Train,Robert Colbeck,10,2013,
,Marston,Edward,A Ticket to Oblivion,Robert Colbeck,11,2015,
,Marston,Edward,Inspector Colbeck's Casebook,Robert Colbeck,,2014,
,Martin,Andrew,Death on a Branch Line,Jim Stringer,,,U
,Martin,Andrew,Murder at Deviation Junction,Jim Stringer,,,C
,Martin,Andrew,The Blackpool Flyer,Jim Stringer,,,C
,Martin,Andrew,The Last Train to Scarborough,Jim Stringer,,,K
,Martin,Andrew,The Lost Luggage Porter,Jim Stringer,,,C
,Martin,Andrew,The Necropolis Railway,Jim Stringer,,,R
,Martin,Andrew,The Somme Stations,Jim Stringer,,,
,Martinez,Guillermo,The Oxford Murders,,,,S
,May,Peter,The Black House,Fin Macleod,1,,
,May,Peter,The Lewis Man,Fin Macleod,2,,
,May,Peter,The Chess Men,Fin Macleod,3,,
,McDermid,Val,Common Murder,,,,R
,McDermid,Val,Killing the Shadows,,,,C
,McDermid,Val,The Wire in the Blood,,,,H
,McDermid,Val,Trick of the Dark,,,,P
,McKay,Shirley,Huw & Cry,Hew Cullan,,2009,
,McKay,Shirley,Fate & Fortune,Hew Cullan,,2011,
,McKintosh,Pat,The Harper's Quine,,,,T
,McKintosh,Pat,The Merchant's Mark,,,,T
,McKintosh,Pat,The Nicholas Feast,,,,T
,Medieval Murderers,,Hill of Bones,,,,
,Medieval Murderers,,King Arthur's Bones,,,,J
,Medieval Murderers,,The House of Shadows,,,,T
,Medieval Murderers,,The Lost Prophecies,,,,T
,Medieval Murderers,,The Sacred Stone,,,,Q
,Medieval Murderers,,The Sword of Shame,,,,S
,Medieval Murderers,,The Tainted Relic,,,,S
,Meredith,D.E.,Devoured,Hatton and Roumande,,,J
,Meyers,Richard S,Murder in Halruaa,Fantasy Mysteries,3,,*
,Mills,Mark,The Savage Garden,,,,U
,Mitchell,Gladys,The Devil at Saxon Wall,,,,F
,Morson,Ian,Falconer's Crusade,,,,U
,Morson,Ian,Flaconer's Judgement,,,,F
,Morton,Mandy,The No 2 Feline Detective Agency,Hettie Bagshot,1,2104,
,Nadel,Barbara,Balshazzar's Daughter,Cetin Ikmen,,,A
,Nesbo,Jo,The Bat,Harry Hole,1,,
,Nesbo,Jo,Nemesis,Harry Hole,,,Q
,Nesbo,Jo,Police,Harry Hole,,,
,Nesbo,Jo,The Devil's Star,Harry Hole,,,Q
,Nesbo,Jo,The Leopard,Harry Hole,,,P
,Nesbo,Jo,The Redbreast,Harry Hole,,,Q
,Nesbo,Jo,The Redeemer,Harry Hole,,,B
,Nesbo,Jo,The Snowman,Harry Hole,,,Q
,Nesbo,Jose Carlos,Cockroaches,Harry Hole,,1998,
,Nesser,Hakan,The Inspector and Silence,Van Veeteren,,,
,Newton,Mark Charan,Drakenfeld,Lucan Drakenfeld,,2014,
,Oswald,James,Natural Causes,Inspector McLean,1,,
,Oswald,James,The Book of Souls,Inspector McLean,2,,
,Oswald,James,The Hangman's Song,Inspector McLean,,,
,Paige,Robin,Death at Bishop's Keep,Sir Charles Sheridan,1,,N
,Paige,Robin,Death at Gallows Green,Sir Charles Sheridan,2,,N
,Paige,Robin,Death at Daisy's Folly,Sir Charles Sheridan,3,,N
,Paige,Robin,Death at Devil's Bridge,Sir Charles Sheridan,4,,N
,Paige,Robin,Death at Rottingdean,Sir Charles Sheridan,5,,N
,Paige,Robin,Death at Whitechapel (2x),Sir Charles Sheridan,6,,N
,Paige,Robin,Death at Epsom Downs,Sir Charles Sheridan,7,,N
,Paige,Robin,Death at Dartmoor,Sir Charles Sheridan,8,,N
,Paige,Robin,Death at Glamis Castle,Sir Charles Sheridan,9,,N
,Paige,Robin,Death in Hyde Park,Sir Charles Sheridan,10,,N
,Paige,Robin,Death on the Lizard,Sir Charles Sheridan,12,,T
,Paine,Michael,Cities of the Dead,Howard Carter,,,J
,Patterson,James,The Jester,,,,R
,Pearl,Matthew,The Dante Club,,,,D
,Pearl,Matthew,The Last Dickens,,,,B
,Pearl,Matthew,The Rose Shadow,,,,T
,Pearle,Michael,The Camel of Destruction,,,,F
,Pears,Iain,An Instance of the Fingerpost,,,,H
,Pears,Iain,Stone's Fall,,,,J
,Penman,Sharon,Cruel as the Grave,,,,R
,Penman,Sharon,Dragon's Lair,,,,R
,Penman,Sharon,The Queen's Man,,,,R
,Penn,John,A Knife Ill-Used*1,,,,G
,Penn,John,Death's Long Shadow*1,,,,G
,Penny,Louise,Still Life,Armand Gamache,1,,
,Penny,Louise,Dead Cold,Armand Gamache,2,,
,Penny,Louise,The Cruellest Month,Armand Gamache,3,,
,Penny,Louise,The Brutal Telling,Armand Gamache,4,,
,Penny,Louise,The Murder Stone,Armand Gamache,5,,
,Penny,Louise,Bury Your Dead,Armand Gamache,6,,Q
,Penny,Louise,A Trick of the Light,Armand Gamache,7,,
,Penny,Louise,The Beautiful Mystery,Armand Gamache,8,,
,Penny,Louise,How The Light Gets In,Armand Gamache,9,2013,
,Pepper,Andrew,Kill-Devill and Water,Pyke,,,B
,Pepper,Andrew,The Detective Branch,Pyke,,,P
,Pepper,Andrew,The Last Days of Newgate,Pyke,,,T
,Pepper,Andrew,The Revenge of Captain Payne,Pyke,,,U
,Peters,Elizabeth,Crocodile on the Sandbank,Amelia Peabody,1,1975,E
,Peters,Elizabeth,The Curse of the Pharoahs,Amelia Peabody,2,1981,E
,Peters,Elizabeth,The Mummy Case,Amelia Peabody,3,1985,C
,Peters,Elizabeth,Lion in the Valley,Amelia Peabody,4,1986,C
,Peters,Elizabeth,The Death of the Disturber,Amelia Peabody,5,1988,C
,Peters,Elizabeth,The Falcon at the Portal,Amelia Peabody,11,1999,C
,Peters,Elizabeth,The Murder of Richard III,Jaqueline Kirby,2,1974,C
,Peters,Ellis,A Morbid Taste for Bones,Cadfael,1,1977,L
,Peters,Ellis,One Corpse Too Many,Cadfael,2,1979,L
,Peters,Ellis,Monk's Hood,Cadfael,3,1980,L
,Peters,Ellis,Saint Peter's Fair,Cadfael,4,1981,L
,Peters,Ellis,The Leper of Saint Giles,Cadfael,5,1981,L
,Peters,Ellis,The Virgin in the Ice,Cadfael,6,1982,L
,Peters,Ellis,The Sanctuary Sparrow,Cadfael,7,1982,L
,Peters,Ellis,The Devil's Novice,Cadfael,8,1983,L
,Peters,Ellis,Dead Man's Ransom,Cadfael,9,1984,L
,Peters,Ellis,The Pilgrim of Hate,Cadfael,10,1984,L
,Peters,Ellis,An Excellent Mystery,Cadfael,11,1985,L
,Peters,Ellis,The Raven in the Foregate,Cadfael,12,1986,L
,Peters,Ellis,The Rose Rent,Cadfael,13,1986,L
,Peters,Ellis,The Hermit of Eyton Forest,Cadfael,14,1987,L
,Peters,Ellis,The Confession of Brother Haluin,Cadfael,15,1988,L
,Peters,Ellis,The Heretic's Apprentice,Cadfael,16,1989,L
,Peters,Ellis,The Potter's Field,Cadfael,17,1989,L
,Peters,Ellis,The Summer of the Danes,Cadfael,18,1991,H
,Peters,Ellis,The Holy Thief,Cadfael,19,1992,H
,Peters,Ellis,Brother Cadfael's Penance,Cadfael,20,1994,L
,Peters,Ellis,Fallen into the Pit,Felse,1,1951,L
,Peters,Ellis,A Nice Derangment of Epitaphs,Felse,4,1965,D
,Peters,Ellis,A Nice Derangment of Epitaphs,Felse,4,1965,L
,Peters,Ellis,The Piper on the Mountain,Felse,5,1966,L
,Peters,Ellis,Black is the Colour of My True Love's Heart,Felse,6,1967,L
,Peters,Ellis,Mourning Raga,Felse,9,1969,L
,Peters,Ellis,The Knocker on Death's Door,Felse,10,1970,L
,Peters,Ellis,Death to the Landlords,Felse,11,1972,L
,Peters,Ellis,City of Gold and Shadows,Felse,12,1973,L
,Peters,Ellis,Funeral of Figaro,,,1962,L
,Phillips,Christi,The Devil's Diary,,,,B
,Plampin,Matthew,The Devil's Acre,,,,Q
,Pryce,Malcolm,Aberwystwyth Mon Amour,,,,E
,Pryce,Malcolm,Don't Cry for me Aberwystwyth,,,,C
,Pryce,Malcolm,Last Tango in Aberwystwyth,,,,C
,Pryce,Malcolm,The Unbearable Lightness of Being in Aberwystwyth,,,,C
,Purser,Ann,Fear on Friday,,,,C
,Purser,Ann,Murder on Monday,,,,S
,Purser,Ann,Secrets on Saturday,,,,B
,Purser,Ann,Sorrow on Sunday,,,,B
,Purser,Ann,Terror on Tuesday,,,,S
,Purser,Ann,Theft on Thursday,,,,S
,Purser,Ann,Weeping on Wednesday,,,,S
,Rankin,Ian,A Question of Blood,Rebus,,,D
,Rankin,Ian,Black and Blue*2,Rebus,,,S
,Rankin,Ian,Dead Souls,Rebus,,,F
,Rankin,Ian,Doors Open,Rebus,,,B
,Rankin,Ian,Exit Music,Rebus,,,T
,Rankin,Ian,Fleshmarket Close,Rebus,,,D
,Rankin,Ian,Hide and Seek,Rebus,,,F
,Rankin,Ian,Knots and Crosses,Rebus,,,F
,Rankin,Ian,Let It Bleed*2,Rebus,,,S
,Rankin,Ian,Mortal Causes*1,Rebus,,,S
,Rankin,Ian,Resurrection Men,Rebus,,,D
,Rankin,Ian,Strip Jack*1,Rebus,,,S
,Rankin,Ian,The Black Book*1,Rebus,,,S
,Rankin,Ian,The Falls,Rebus,,,F
,Rankin,Ian,The Hanging Garden*2,Rebus,,,S
,Rankin,Ian,The Naming of the Dead,Rebus,,,T
,Rankin,Ian,Tooth and Nail,Rebus,,,F
,Rankin (Jack Harvey),Ian,Bleeding Hearts,,,,T
,Reichs,Kathy,Deja Dead,Tempe Brennan,1,1997,F
,Reichs,Kathy,Death Du Jour,Tempe Brennan,2,1999,F
,Reichs,Kathy,Deadly Decisions,Tempe Brennan,3,2000,F
,Reichs,Kathy,Fatal Voyage,Tempe Brennan,4,2001,F
,Reichs,Kathy,Grave Secrets,Tempe Brennan,5,2002,F
,Reichs,Kathy,Bare Bones,Tempe Brennan,6,2003,F
,Reichs,Kathy,Monday Mourning,Tempe Brennan,7,2004,S
,Reichs,Kathy,Cross Bones,Tempe Brennan,8,2005,T
,Reichs,Kathy,Break No Bones,Tempe Brennan,9,2006,U
,Reichs,Kathy,Bones and Ashes,Tempe Brennan,10,2007,U
,Reichs,Kathy,Devil's Bones,Tempe Brennan,11,2008,U
,Reichs,Kathy,206 Bones,Tempe Brennan,12,2009,I
,Reichs,Kathy,Spider Bones,Tempe Brennan,13,2010,P
,Reichs,Kathy,Flash and Bones,Tempe Brennan,14,2011,
,Reichs,Kathy,Bones Are For Ever,Tempe Brennan,15,2012,
,Reichs,Kathy,Bones of the Lost,Tempe Brennan,16,2014,
,Reichs,Kathy,Bones Never Lie,Tempe Brennan,17,2014,
,Rickman,Phil,The Bones of Avalon,Dr John Dee,1,,
,Rickman,Phil,The Heresy of Dr Dee,Dr John Dee,2,,
,Rickman,Phil,The Wine of Angels,Merrily Watkins,1,1998,P
,Rickman,Phil,Midwinter of the Spirit*2,Merrily Watkins,2,1999,S
,Rickman,Phil,A Crown of Lights*2,Merrily Watkins,3,2001,S
,Rickman,Phil,The Magus of Hay,Merrily Watkins,12,2013,
,Rickman,Phil,Crybbe*1,,,1993,R
,Rickman,Phil,The Man in the Moss*1,,,1994,R
,Robb,Candace,The King's Bishop,,,,G
,Robb,Candace,The Nun's Tale,,,,G
,Robb,Candace,The Riddle of St Leonards,,,,G
,Roberts,Barrie,Sherlock Holmes: The Man From Hell,Sherlock Holmes,,,Q
,Roberts,David,Bones of the Buried,,,,F
,Roberts,David,Sweet Poison,,,,F
,Roberts,John Maddox,Murder in Tarsis,Fantasy Mysteries,2,,*
,Robertson,Imogen,Anatomy of Murder,Westerman & Crowther,2,,
,Robertson,Imogen,Island of Bones,Westerman & Crowther,3,,
,Robertson,Imogen,Circle of Shadows,Westerman & Crowther,4,,
,Robinson,Peter,Gallows View*1,Banks,1,,E
,Robinson,Peter,A Dedicated Man*1,Banks,2,,E
,Robinson,Peter,A Necessary End,Banks,3,,O
,Robinson,Peter,The Hanging Valley*1,Banks,4,,O
,Robinson,Peter,Past Reason Hated,Banks,5,,O
,Robinson,Peter,Wednesday's Child,Banks,6,,O
,Robinson,Peter,Dry Bones That Dream,Banks,7,,O
,Robinson,Peter,Innocent Graves*1,Banks,8,,O
,Robinson,Peter,Dead Right,Banks,9,,O
,Robinson,Peter,In a Dry Season,Banks,10,,O
,Robinson,Peter,Cold is the Grave,Banks,11,,O
,Robinson,Peter,Aftermath,Banks,12,,O
,Robinson,Peter,The Summer That Never Was,Banks,13,,O
,Robinson,Peter,Playing With Fire,Banks,14,,O
,Robinson,Peter,Strange Affair,Banks,15,,O
,Robinson,Peter,Piece of My Heart,Banks,16,,C
,Robinson,Peter,Friend of the Devil,Banks,17,,C
,Robinson,Peter,All the Colours of Darkness,Banks,18,,U
,Robinson,Peter,Bad Boy,Banks,19,,Q
,Robinson,Peter,Abbattoir Blues,Banks,22,2015,
,Robinson,Peter,The Price of Love,Banks,,,I
,Rosenberg,Nancy Taylor,First Offence,,,,K
,Rosenberg,Nancy Taylor,Interest of Justice,,,,K
,Rosenberg,Nancy Taylor,Mitigating Cicumstances,,,,K
,Rubenfield,Jed,The Interpretation of Murder,,,,U
,RuIz Zafon,Carlos,The Shadow of the Wind,,,,T
,Runcie,James,Sidney Chambers and The Shadow of Death,Sidney Chambers,1,,
,Runcie,James,Sidney Chambers and the Perils of the Night,Sidney Chambers,2,,
,Ryan,Robert,The Dead Can Wait,Dr Watson,,2014,
,Sansom,C.J.,Dark Fire,Matthew Shardlake,,,S
,Sansom,C.J.,Dissolution,Matthew Shardlake,,,D
,Sansom,C.J.,Hearstone,Matthew Shardlake,,,Q
,Sansom,C.J.,Revelation,Matthew Shardlake,,,T
,Sansom,C.J.,Sovereign,Matthew Shardlake,,,C
,Sayers,Dorothy L,Five Red Herrings,,,,R
,Saylor,Steven,The Seven Wonders,Gordianus,,2013,
,Saylor,Steven,A Gladiator Dies Only Once,Gordianus,,,A
,Saylor,Steven,A Murder on the Appian Way,Gordianus,,,H
,Saylor,Steven,Arms of Nemesis,Gordianus,,,H
,Saylor,Steven,Catalina's Riddle,Gordianus,,,H
,Saylor,Steven,Roma,Gordianus,,,T
,Saylor,Steven,Roman Blood,Gordianus,,,H
,Saylor,Steven,Rubicon,Gordianus,,,H
,Saylor,Steven,The House of the Vestals,Gordianus,,,H
,Saylor,Steven,The Judgement of Caesar,Gordianus,,,R
,Saylor,Steven,The Triumph of Caesar,Gordianus,,,T
,Saylor,Steven,The Venus Throws,Gordianus,,,H
,Saylor,Steven,Raiders of the Nile,Gordianus,,,
,Sedley,Kate,Death and the Chapman,,,,F
,Sedley,Kate,The Hanged Man,,,,F
,Sedley,Kate,The Plymouth Cloak,,,,F
,Sedley,Kate,The Saint John's Fern,,,,F
,Sedley,Kate,The Wicked Winter,,,,F
,Shaw,Catherine,The Three-Body Problem,Mrs Vanessa Weatherburn,1,,*
,Shaw,Catherine,Flowers Stained With Moonlight,Mrs Vanessa Weatherburn,2,,*
,Shaw,Catherine,The Library Paradox,Mrs Vanessa Weatherburn,3,,*
,Shaw,Catherine,The Riddle of the River,Mrs Vanessa Weatherburn,4,,
,Shaw,Stanley,Sherlock Holmes at the 1902 Fifth Test,Sherlock Holmes,,,K
,Smith,Evelyn E.,Miss Melville Returns*1,Miss Melville,,,G
,Smith,Evelyn E.,Miss Melville Rides A Tiger*1,Miss Melville,,,G
,Somoza,Jose Carlos,The Athenian Murders,,,,E
,Stallwood,Veronica,Death and the Oxford Box,,,,F
,Stallwood,Veronica,Oxford Blue,,,,J
,Stashower,Daniel,The Floating Lady Murder,Harry Houdini,1,,
,Stashower,Daniel,The Dime Museum Murders,Harry Houdini,2,,
,Summerscale,Kate,The Suspicions of Mr Whischer,,,,T
,Symons,Julian,A Three Pipe Problem,,,,F
,Symons,Julian,The Blackheath Poisonings,,,,K
,Tallis,Frank,Mortal Mischief,,,,T
,Tallis,Frank,Vienna Blood,,,,T
,Taylor,Alison G.,Simeon's Bride,,,,G
,Taylor,Andrew,Bleeding Heart Square,,,,U
,Taylor,Andrew,Requiem for an Angel,,,,R
,Taylor,Andrew,The American Boy,,,,E
,Thomson,June,The Secret Archives of Sherlock Holmes,Sherlock Holmes,,,
,Thomson,June,The Secret Journals of Sherlock Holmes,Sherlock Holmes,,,
,Thomson,June,The Secret Notebooks of Sherlock Holmes,Sherlock Holmes,,,
,Thomson,Lesley,The Detective's Daughter,,,,
,Tmepleton,Aline,Evil for Evil,,,,
,Tope,Rebecca,A Cotswold Killing,,,,B
,Tope,Rebecca,A Cotswold Mystery,,,,B
,Tope,Rebecca,A Cotswold Ordeal,,,,B
,Tope,Rebecca,Blood in the Cotswolds,,,,B
,Tope,Rebecca,Death in the Cotswolds,,,,B
,Tope,Rebecca,Slaughter in the Cotswolds,,,,M
,Tremayne,Peter,Absolution by Murder,Sister Fidelma,1,,F
,Tremayne,Peter,Shroud for a Bishop,Sister Fidelma,2,,F
,Tremayne,Peter,Suffer the Little Children,Sister Fidelma,3,,F
,Tremayne,Peter,The Subtle Serpent,Sister Fidelma,4,,F
,Tremayne,Peter,The Spider's Web,Sister Fidelma,5,,F
,Tremayne,Peter,Valley of the Shadow,Sister Fidelma,6,,F
,Tremayne,Peter,Hemlock at Vespers (1),Sister Fidelma,9,,F
,Tremayne,Peter,Hemlock at Vespers (2),Sister Fidelma,9,,F
,Tremayne,Peter,Smoke in the Wind,Sister Fidelma,11,,D
,Tremayne,Peter,The Haunted Abbot,Sister Fidelma,12,,D
,Tremayne,Peter,Badger's Moon,Sister Fidelma,13,,D
,Tremayne,Peter,The Leper's Bell,Sister Fidelma,14,,S
,Tremayne,Peter,Whispers of the Dead,Sister Fidelma,15,,T
,Tremayne,Peter,Master of Souls,Sister Fidelma,16,,C
,Tremayne,Peter,A Prayer for the Damned,Sister Fidelma,17,,T
,Tremayne,Peter,An Ensuing Evil,Sister Fidelma,,,T
,Tremayne,Peter,Dancing With Demons,Sister Fidlema,18,,P
,Tyler,L C,Crooked Herring,Elthelred Tressider,,2014,
,Tyler,L C,Ten Little Herrings,Ethelred Tressider,,2009,
,Upfield,Arthur,Boney and the Kelly Gang,Boney,,,C
,Upfield,Arthur,Boney and the Mouse,Boney,,,C
,Upfield,Arthur,Death of a Lake,Boney,,,A
,Upfield,Arthur,The Mystery of Swordfish Reef,Boney,,,C
,Uppfield,Arthur,Bony and the Kelly Gang,Boney,,,O
,Uppfield,Arthur,Bony and the White Savage,Boney,,,O
,Uppfield,Arthur,The Mountains Have a Secret,Boney,,,O
,Uppfield,Arthur,The Widow's of Broome,Boney,,,G
,Upson,Nicola,An Expert in Murder,Josephine Tey,1,,
,Upson,Nicola,Angel With Two Faces,Josephine Tey,2,,
,Upson,Nicola,Fear in the Sunlight,Josephine Tey,4,2012,
,Upson,Nicola,The Death ofLucy Kyte,Josephine Tey,5,2013,
,Vaughan-Hughes,Pip,Painted in Blood,,,,U
,Vaughan-Hughes,Pip,Relics,,,,R
,Vaughan-Hughes,Pip,The Vault of Bones,,,,C
,Verdict of Thirteen,,13 Short Crime Stories,,,,K
,Vichi,Marco,Death in August,Inspector Bordelli,1,,Q
,Vichi,Marco,Death and the Olive Grove,Inspector Bordelli,2,,
,Vichi,Marco,Death in Sardinia,Inspector Bordelli,3,,
,Vichi,Marco,Death in Florence,Inspector Bordelli,4,,
,Waddel,Dan,The Blood Detective,,,,U
,Walker,Martin,The Crowded Grave,,,,
,Walker,Mary Willis,Zero at the Bone,,,,G
,Walters,Minette,Fox Evil,,,,D
,Walters,Minette,The Dark Room,,,,G
,Walters,Minette,The Echo,,,,I
,Walters,Minette,The Scold's Bridal,,,,O
,Walters,Minette,The Sculptress,,,,O
,Walters,Minette,The Shape of Snakes,,,,D
,Weaver,Ashley,Murder at Brightwell,Amory Ames,,2015,
,Weeks,Lee,Dead of Winter,Ebony Willis,,2012,
,Whitehead,Barbara,Playing God,,,,F
,Whitehead,Barbara,The Girl with the Red Suspenders,,,,F
,Williams,David,"Copper, Gold and Treasure",,,,L
,Williams,David,Murder for Treasure,,,,L
,Williams,David,Murder in Advent,,,,L
,Williams,David,Treasure by Degrees,,,,L
,Williams,David,Unhloy Writ,,,,L
,Williams,David,Wedding Treasure,,,,L
,Williamson,Chet,Murder in Cormyr,Fantasy Mysteries,1,1996,
,Wilson,Robert,A Small Death in Lisbon,,,,T
,Winspear,Jacqueline,A Lesson in Secrets,Maisie Dobbs,,,
,Winspear,Jacqueline,Birds of a Feather,Maisie Dobbs,,,
,Winspear,Jacqueline,Elegy for Eddie,Maisie Dobbs,,,
,Winspear,Jacqueline,Maisie Dobbs,Maisie Dobbs,,,
,Winspear,Jacqueline,Messenger of Truth,Maisie Dobbs,,,
,Winspear,Jacqueline,The Mapping of Love and Death,Maisie Dobbs,,,
,Winspear,Jaqueline,Leaving Everythin Most Loved,Maisie Dobbs,,,
,Wishart,David,Sejanus,,,,G
